[
  {
    "module" : "rrbs",
    "subModule" : "sms",
    "dateColumn" : "msg_date",
    "formattedDateColumn" : "msg_date_dt",
    "integerDateColumn" : "msg_date_num",
    "normalcdrfrq" : "daily",
    "numofdayormnthnormal" : 1,
    "latecdrfrq" : "monthly",
    "numofdayormnthlate" : 2,
    "sourceFilePath" : "s3://mis-dl-lyca-raw",
    "srcSchemaPath" : "rrbs_src_fct_sms.json",
    "tgtSchemaPath" : "rrbs_tgt_fct_sms.json",
    "database" : "uk_rrbs_dm",
    "normalcdrtbl" : "fact_rrbs_sms",
    "latecdrtbl" : "fact_rrbs_sms_latecdr",
    "duplicatecdrtbl" : "fact_rrbs_sms_duplcdr"
  },
  {
    "module" : "rrbs",
    "subModule" : "voice",
    "dateColumn" : "call_date",
    "formattedDateColumn" : "call_date_dt",
    "integerDateColumn" : "call_date_num",
    "normalcdrfrq" : "daily",
    "numofdayormnthnormal" : 1,
    "latecdrfrq" : "monthly",
    "numofdayormnthlate" : 2,
    "sourceFilePath" : "s3://mis-dl-lyca-raw",
    "srcSchemaPath" : "../../../../config/rrbs_src_fct_voice.json",
    "tgtSchemaPath" : "../../../../config/rrbs_tgt_fct_voice.json",
    "database" : "uk_test",
    "normalcdrtbl" : "fact_rrbs_voice",
    "latecdrtbl" : "fact_rrbs_voice_latecdr",
    "duplicatecdrtbl" : "fact_rrbs_voice_duplcdr"
  },
  {
    "module" : "rrbs",
    "subModule" : "topup",
    "dateColumn" : "cdr_time_stamp",
    "formattedDateColumn" : "cdr_dt",
    "integerDateColumn" : "cdr_dt_num",
    "normalcdrfrq" : "daily",
    "numofdayormnthnormal" : 1,
    "latecdrfrq" : "monthly",
    "numofdayormnthlate" : 2,
    "sourceFilePath" : "../../../../pythonlib/test/resources",
    "srcSchemaPath" : "../../../../config/rrbs_src_fct_topup.json",
    "tgtSchemaPath" : "../../../../config/rrbs_tgt_fct_topup.json",
    "database" : "uk_test",
    "normalcdrtbl" : "fact_rrbs_topup",
    "latecdrtbl" : "fact_rrbs_topup_latecdr",
    "duplicatecdrtbl" : "fact_rrbs_topup_duplcdr"
  },
  {
    "module" : "rrbs",
    "subModule" : "gprs",
    "dateColumn" : "data_termination_time",
    "formattedDateColumn" : "data_termination_dt",
    "integerDateColumn" : "data_termination_dt_num",
    "normalcdrfrq" : "daily",
    "numofdayormnthnormal" : 1,
    "latecdrfrq" : "monthly",
    "numofdayormnthlate" : 2,
    "sourceFilePath" : "../../../../pythonlib/test/resources",
    "srcSchemaPath" : "../../../../config/rrbs_src_fct_gprs.json",
    "tgtSchemaPath" : "../../../../config/rrbs_tgt_fct_gprs.json",
    "database" : "uk_test",
    "normalcdrtbl" : "fact_rrbs_topup",
    "latecdrtbl" : "fact_rrbs_topup_latecdr",
    "duplicatecdrtbl" : "fact_rrbs_topup_duplcdr"
  }
]