[
  {
    "column_name" : "cdr_type",
    "column_type" : "smallint",
    "required" : false,
    "check_sum" : true
  },
  {
    "column_name" : "network_id",
    "column_type" : "smallint",
    "required" : false,
    "check_sum" : true
  },
  {
    "column_name" : "data_feature",
    "column_type" : "smallint",
    "required" : false,
    "check_sum" : true
  },
  {
    "column_name" : "tariffplan_id",
    "column_type" : "smallint",
    "required" : false,
    "check_sum" : true
  },
  {
    "column_name" : "service_id",
    "column_type" : "smallint",
    "required" : false,
    "check_sum" : true
  },
  {
    "column_name" : "msisdn",
    "column_type" : "bigint",
    "required" : false,
    "check_sum" : true
  },
  {
    "column_name" : "apn",
    "column_type" : "character",
    "required" : false,
    "check_sum" : true
  },
  {
    "column_name" : "pdp_address",
    "column_type" : "character",
    "required" : false,
    "check_sum" : true
  },
  {
    "column_name" : "cellid",
    "column_type" : "character",
    "required" : false,
    "check_sum" : true
  },
  {
    "column_name" : "imei",
    "column_type" : "character",
    "required" : false,
    "check_sum" : true
  },
  {
    "column_name" : "imsi",
    "column_type" : "bigint",
    "required" : false,
    "check_sum" : true
  },
  {
    "column_name" : "serving_node",
    "column_type" : "character",
    "required" : false,
    "check_sum" : true
  },
  {
    "column_name" : "ggsn_address",
    "column_type" : "character",
    "required" : false,
    "check_sum" : true
  },
  {
    "column_name" : "roaming_zone_name",
    "column_type" : "character",
    "required" : false,
    "check_sum" : true
  },
  {
    "column_name" : "roam_flag",
    "column_type" : "smallint",
    "required" : false,
    "check_sum" : true
  },
  {
    "column_name" : "granted_bytes_cumulative",
    "column_type" : "bigint",
    "required" : false,
    "check_sum" : true
  },
  {
    "column_name" : "granted_money",
    "column_type" : "numeric",
    "required" : false,
    "check_sum" : true
  },
  {
    "column_name" : "total_used_bytes",
    "column_type" : "bigint",
    "required" : false,
    "check_sum" : true
  },
  {
    "column_name" : "chargeable_used_bytes",
    "column_type" : "bigint",
    "required" : false,
    "check_sum" : true
  },
  {
    "column_name" : "uploaded_bytes",
    "column_type" : "bigint",
    "required" : false,
    "check_sum" : true
  },
  {
    "column_name" : "downloaded_bytes",
    "column_type" : "bigint",
    "required" : false,
    "check_sum" : true
  },
  {
    "column_name" : "data_connection_time",
    "column_type" : "timestamp without time zone",
    "required" : false,
    "check_sum" : true
  },
  {
    "column_name" : "data_termination_time",
    "column_type" : "timestamp without time zone",
    "required" : false,
    "check_sum" : true
  },

  {
    "column_name" : "time_duration",
    "column_type" : "integer",
    "required" : false,
    "check_sum" : true
  },
  {
    "column_name" : "initial_account_balance",
    "column_type" : "numeric",
    "required" : false,
    "check_sum" : true
  },
  {
    "column_name" : "data_charge",
    "column_type" : "numeric",
    "required" : false,
    "check_sum" : true
  },
  {
    "column_name" : "final_account_balance",
    "column_type" : "numeric",
    "required" : false,
    "check_sum" : true
  },
  {
    "column_name" : "free_bytes",
    "column_type" : "bigint",
    "required" : false,
    "check_sum" : true
  },
  {
    "column_name" : "sessionid",
    "column_type" : "character",
    "required" : false,
    "check_sum" : true
  },
  {
    "column_name" : "last_topup_type",
    "column_type" : "smallint",
    "required" : false,
    "check_sum" : true
  },
  {
    "column_name" : "free_data_expiry_date",
    "column_type" : "date",
    "required" : false,
    "check_sum" : true
  },
  {
    "column_name" : "charge_indicator",
    "column_type" : "smallint",
    "required" : false,
    "check_sum" : true
  },
  {
    "column_name" : "final_unit_indicator",
    "column_type" : "smallint",
    "required" : false,
    "check_sum" : true
  },
  {
    "column_name" : "bundle_code",
    "column_type" : "character",
    "required" : false,
    "check_sum" : true
  },
  {
    "column_name" : "accid",
    "column_type" : "character",
    "required" : false,
    "check_sum" : true
  },
  {
    "column_name" : "deptid",
    "column_type" : "character",
    "required" : false,
    "check_sum" : true
  },
  {
    "column_name" : "bundle_used_data",
    "column_type" : "character",
    "required" : false,
    "check_sum" : true
  },
  {
    "column_name" : "bundle_data_charge",
    "column_type" : "numeric",
    "required" : false,
    "check_sum" : true
  },
  {
    "column_name" : "bundle_balance",
    "column_type" : "numeric",
    "required" : false,
    "check_sum" : true
  },
  {
    "column_name" : "bundle_plan_id",
    "column_type" : "character",
    "required" : false,
    "check_sum" : true
  },
  {
    "column_name" : "local_roam_country_code",
    "column_type" : "smallint",
    "required" : false,
    "check_sum" : true
  },
  {
    "column_name" : "sdfid",
    "column_type" : "smallint",
    "required" : false,
    "check_sum" : true
  },
  {
    "column_name" : "rategroupid",
    "column_type" : "smallint",
    "required" : false,
    "check_sum" : true
  },
  {
    "column_name" : "serviceid",
    "column_type" : "character",
    "required" : false,
    "check_sum" : true
  },
  {
    "column_name" : "cdr_time_stamp",
    "column_type" : "timestamp without time zone",
    "required" : false,
    "check_sum" : true
  },
  {
    "column_name" : "intial_free_units",
    "column_type" : "bigint",
    "required" : false,
    "check_sum" : true
  },
  {
    "column_name" : "subscriber_type",
    "column_type" : "smallint",
    "required" : false,
    "check_sum" : true
  },
  {
    "column_name" : "cdr_sequence_number",
    "column_type" : "integer",
    "required" : false,
    "check_sum" : true
  },
  {
    "column_name" : "sub_acct_id",
    "column_type" : "bigint",
    "required" : false,
    "check_sum" : true
  },
  {
    "column_name" : "ggsn_time",
    "column_type" : "character",
    "required" : false,
    "check_sum" : true
  },
  {
    "column_name" : "tariff_plan_change_id",
    "column_type" : "smallint",
    "required" : false,
    "check_sum" : true
  },
  {
    "column_name" : "used_unit_bfr_tariff_plan_change",
    "column_type" : "bigint",
    "required" : false,
    "check_sum" : true
  },
  {
    "column_name" : "family_account_id",
    "column_type" : "integer",
    "required" : false,
    "check_sum" : true
  },
  {
    "column_name" : "bundle_version_name",
    "column_type" : "character",
    "required" : false,
    "check_sum" : true
  },
  {
    "column_name" : "bundle_versionid",
    "column_type" : "smallint",
    "required" : false,
    "check_sum" : true
  },
  {
    "column_name" : "reward_slab_id",
    "column_type" : "smallint",
    "required" : false,
    "check_sum" : true
  },
  {
    "column_name" : "pricing_plan_id",
    "column_type" : "smallint",
    "required" : false,
    "check_sum" : true
  },
  {
    "column_name" : "rate_id",
    "column_type" : "integer",
    "required" : false,
    "check_sum" : true
  },
  {
    "column_name" : "pocket_id",
    "column_type" : "integer",
    "required" : false,
    "check_sum" : true
  },
  {
    "column_name" : "consumed_promo_amount",
    "column_type" : "numeric",
    "required" : false,
    "check_sum" : true
  },
  {
    "column_name" : "consumed_surcharge",
    "column_type" : "numeric",
    "required" : false,
    "check_sum" : true
  },
  {
    "column_name" : "rlh_charging_indicator",
    "column_type" : "smallint",
    "required" : false,
    "check_sum" : true
  },
  {
    "column_name" : "granted_bytes_current",
    "column_type" : "bigint",
    "required" : false,
    "check_sum" : true
  },
  {
    "column_name" : "roaming_partner_id",
    "column_type" : "smallint",
    "required" : false,
    "check_sum" : true
  },
  {
    "column_name" : "fct_free_text_1",
    "column_type" : "character",
    "required" : false,
    "check_sum" : false
  },
  {
    "column_name" : "fct_free_text_2",
    "column_type" : "character",
    "required" : false,
    "check_sum" : false
  },
  {
    "column_name" : "fct_free_text_3",
    "column_type" : "character",
    "required" : false,
    "check_sum" : false
  },
  {
    "column_name" : "fct_free_text_4",
    "column_type" : "character",
    "required" : false,
    "check_sum" : false
  },
  {
    "column_name" : "fct_free_text_5",
    "column_type" : "character",
    "required" : false,
    "check_sum" : false
  },
  {
    "column_name" : "fct_free_text_6",
    "column_type" : "character",
    "required" : false,
    "check_sum" : false
  },
  {
    "column_name" : "fct_free_text_7",
    "column_type" : "character",
    "required" : false,
    "check_sum" : false
  },
  {
    "column_name" : "fct_free_text_8",
    "column_type" : "character",
    "required" : false,
    "check_sum" : false
  },
  {
    "column_name" : "fct_free_text_9",
    "column_type" : "character",
    "required" : false,
    "check_sum" : false
  },
  {
    "column_name" : "fct_free_text_10",
    "column_type" : "character",
    "required" : false,
    "check_sum" : false
  }
]