[
  {
    "column_name" : "id",
    "column_type" : "bigint",
    "required" : false,
    "check_sum" : true
  },
  {
    "column_name" : "requestid",
    "column_type" : "character",
    "required" : false,
    "check_sum" : true
  },
  {
    "column_name" : "msisdn",
    "column_type" : "character",
    "required" : false,
    "check_sum" : true
  },
  {
    "column_name" : "iccid",
    "column_type" : "character",
    "required" : false,
    "check_sum" : true
  },
  {
    "column_name" : "paccode",
    "column_type" : "character",
    "required" : false,
    "check_sum" : true
  },
  {
    "column_name" : "paccreateddate",
    "column_type" : "timestamp without time zone",
    "required" : false,
    "check_sum" : true
  },
  {
    "column_name" : "pacexpireddate",
    "column_type" : "timestamp without time zone",
    "required" : false,
    "check_sum" : true
  },
  {
    "column_name" : "portoutdate",
    "column_type" : "timestamp without time zone",
    "required" : false,
    "check_sum" : true
  },
  {
    "column_name" : "ono",
    "column_type" : "character",
    "required" : false,
    "check_sum" : true
  },
  {
    "column_name" : "rno",
    "column_type" : "character",
    "required" : false,
    "check_sum" : true
  },
  {
    "column_name" : "dno",
    "column_type" : "character",
    "required" : false,
    "check_sum" : true
  },
  {
    "column_name" : "rsp",
    "column_type" : "character",
    "required" : false,
    "check_sum" : true
  },
  {
    "column_name" : "dsp",
    "column_type" : "character",
    "required" : false,
    "check_sum" : true
  },
  {
    "column_name" : "status",
    "column_type" : "character",
    "required" : false,
    "check_sum" : true
  },
  {
    "column_name" : "smsstate",
    "column_type" : "character",
    "required" : false,
    "check_sum" : true
  },
  {
    "column_name" : "errcode",
    "column_type" : "character",
    "required" : false,
    "check_sum" : true
  },
  {
    "column_name" : "recordlock",
    "column_type" : "integer",
    "required" : false,
    "check_sum" : true
  },
  {
    "column_name" : "numbertype",
    "column_type" : "character",
    "required" : false,
    "check_sum" : true
  },

  {
    "column_name" : "channel",
    "column_type" : "character",
    "required" : false,
    "check_sum" : true
  },
  {
    "column_name" : "note",
    "column_type" : "character",
    "required" : false,
    "check_sum" : true
  },
  {
    "column_name" : "blockcode",
    "column_type" : "character",
    "required" : false,
    "check_sum" : true
  },
  {
    "column_name" : "blockreason",
    "column_type" : "character",
    "required" : false,
    "check_sum" : true
  },
  {
    "column_name" : "portid",
    "column_type" : "character",
    "required" : false,
    "check_sum" : true
  },
  {
    "column_name" : "createddate",
    "column_type" : "timestamp without time zone",
    "required" : false,
    "check_sum" : true
  },
  {
    "column_name" : "createdby",
    "column_type" : "character",
    "required" : false,
    "check_sum" : true
  },
  {
    "column_name" : "completeddate",
    "column_type" : "timestamp without time zone",
    "required" : false,
    "check_sum" : true
  },
  {
    "column_name" : "poutfilename",
    "column_type" : "character",
    "required" : false,
    "check_sum" : true
  },
  {
    "column_name" : "requestfrom",
    "column_type" : "character",
    "required" : false,
    "check_sum" : true
  },
  {
    "column_name" : "preferredlanguage",
    "column_type" : "character",
    "required" : false,
    "check_sum" : true
  },
  {
    "column_name" : "smserrstate",
    "column_type" : "character",
    "required" : false,
    "check_sum" : true
  }
]