{
  "Name": "lyca_etl_rrbs_sms",
  "ScriptLocation": "s3://main.py",
  "Description": "Job to ingest rrbs module",
  "Role": "AWSGlueServiceRole-GlueToS3",
  "PythonVersion": "3",
  "GlueVersion": "1.0",
  "MaxCapacity": 5,
  "DefaultArguments": {
    "--module": "rrbs",
    "--submodule": "sms",
    "--code_bucket": "",
    "--configfile": "",
    "--connfile": "",
    "--enable-spark-ui": "true",
    "--master": "glue",
    "--extra-py-files": "s3://python_lib_package.zip",
    "--TempDir": "s3://path_to_temp_dir"
  },
  "Tags": {
    "CreatedBy": "Bhavin.Tandel",
    "ToBeDeleted": "True"
  }
}