[
  {
    "column_name": "record type",
    "column_type" : "character",
    "required" : false,
    "check_sum" : true
  },
  {
    "column_name": "cdr_type",
    "column_type" : "character",
    "required" : false,
    "check_sum" : true
  },
  {
    "column_name": "cdr_id",
    "column_type" : "character",
    "required" : false,
    "check_sum" : true
  },
  {
    "column_name": "imsi",
    "column_type" : "bigint",
    "required" : false,
    "check_sum" : true
  },
  {
    "column_name": "msisdn",
    "column_type" : "character",
    "required" : false,
    "check_sum" : true
  },
  {
    "column_name": "imei",
    "column_type" : "character",
    "required" : false,
    "check_sum" : true
  },
  {
    "column_name": "location",
    "column_type" : "character",
    "required" : false,
    "check_sum" : true
  },
  {
    "column_name": "apn_ni",
    "column_type" : "character",
    "required" : false,
    "check_sum" : true
  },
  {
    "column_name": "apn_oi",
    "column_type" : "character",
    "required" : false,
    "check_sum" : true
  },
  {
    "column_name": "charging_timestamp",
    "column_type" : "timestamp",
    "required" : false,
    "check_sum" : true
  },
  {
    "column_name": "duration",
    "column_type" : "integer",
    "required" : false,
    "check_sum" : true
  },
  {
    "column_name": "data_volume_download",
    "column_type" : "integer",
    "required" : false,
    "check_sum" : true
  },
  {
    "column_name": "data_volume_upload",
    "column_type" : "integer",
    "required" : false,
    "check_sum" : true
  },
  {
    "column_name": "data_volume_total",
    "column_type" : "integer",
    "required" : false,
    "check_sum" : true
  },
  {
    "column_name": "username",
    "column_type" : "character",
    "required" : false,
    "check_sum" : true
  },
  {
    "column_name": "network_element_id",
    "column_type" : "character",
    "required" : false,
    "check_sum" : true
  },
  {
    "column_name": "ggsn_address",
    "column_type" : "character",
    "required" : false,
    "check_sum" : true
  },
  {
    "column_name": "charging_id",
    "column_type" : "character",
    "required" : false,
    "check_sum" : true
  },
  {
    "column_name": "fragment_number",
    "column_type" : "character",
    "required" : false,
    "check_sum" : true
  },
  {
    "column_name": "fragment_indicator",
    "column_type" : "character",
    "required" : false,
    "check_sum" : true
  },
  {
    "column_name": "recordsequencenumber",
    "column_type" : "character",
    "required" : false,
    "check_sum" : true
  },
  {
    "column_name": "content_source",
    "column_type" : "character",
    "required" : false,
    "check_sum" : true
  },
  {
    "column_name": "rate_class",
    "column_type" : "character",
    "required" : false,
    "check_sum" : true
  },
  {
    "column_name": "charge",
    "column_type" : "numeric",
    "required" : false,
    "check_sum" : true
  },
  {
    "column_name": "end_user_charge",
    "column_type" : "numeric",
    "required" : false,
    "check_sum" : true
  }
]