[
  {
    "column_name": "record type",
    "column_type" : "character",
    "required" : false,
    "check_sum" : true
  },
  {
    "column_name": "cdr_type",
    "column_type" : "smallint",
    "required" : false,
    "check_sum" : true
  },
  {
    "column_name": "cdr_id",
    "column_type" : "character",
    "required" : false,
    "check_sum" : true
  },
  {
    "column_name": "network_call_reference",
    "column_type" : "character",
    "required" : false,
    "check_sum" : true
  },
  {
    "column_name": "subscriber_imsi",
    "column_type" : "bigint",
    "required" : false,
    "check_sum" : true
  },
  {
    "column_name": "a_number",
    "column_type" : "character",
    "required" : false,
    "check_sum" : true
  },
  {
    "column_name": "b_number",
    "column_type" : "character",
    "required" : false,
    "check_sum" : true
  },
  {
    "column_name": "dialled_digits",
    "column_type" : "character",
    "required" : false,
    "check_sum" : true
  },
  {
    "column_name": "location",
    "column_type" : "character",
    "required" : false,
    "check_sum" : true
  },
  {
    "column_name": "call_forwarding_flag",
    "column_type" : "character",
    "required" : false,
    "check_sum" : true
  },
  {
    "column_name": "smsc_address",
    "column_type" : "character",
    "required" : false,
    "check_sum" : true
  },
  {
    "column_name": "charging_timestamp",
    "column_type" : "timestamp",
    "required" : false,
    "check_sum" : true
  },
  {
    "column_name": "duration",
    "column_type" : "integer",
    "required" : false,
    "check_sum" : true
  },
  {
    "column_name": "rate_class",
    "column_type" : "character",
    "required" : false,
    "check_sum" : true
  },
  {
    "column_name": "charge",
    "column_type" : "numeric",
    "required" : false,
    "check_sum" : true
  },
  {
    "column_name": "fragment_number",
    "column_type" : "character",
    "required" : false,
    "check_sum" : true
  },
  {
    "column_name": "last_fragment_indicator",
    "column_type" : "character",
    "required" : false,
    "check_sum" : true
  },
  {
    "column_name": "record_sequence_number",
    "column_type" : "character",
    "required" : false,
    "check_sum" : true
  },
  {
    "column_name": "provider_id",
    "column_type" : "character",
    "required" : false,
    "check_sum" : true
  },
  {
    "column_name": "service_type",
    "column_type" : "character",
    "required" : false,
    "check_sum" : true
  },
  {
    "column_name": "imei",
    "column_type" : "character",
    "required" : false,
    "check_sum" : true
  },
  {
    "column_name": "message_type",
    "column_type" : "character",
    "required" : false,
    "check_sum" : true
  },
  {
    "column_name": "end_user_charge",
    "column_type" : "numeric",
    "required" : false,
    "check_sum" : true
  },
  {
    "column_name": "premium_sms_delivery_flag",
    "column_type" : "smallint",
    "required" : false,
    "check_sum" : true
  }
]